,City,Cloudiness,Country,Date,Humidity,Latitude,Longtitude,Max Temp(F),Wind Speed
0,Ushuaia,75,AR,1519934400,66,-54.81,-68.31,53.599999999999966,6.2
1,Betul,0,IN,1519938523,69,21.92,77.9,63.19040000000001,1.58
2,Klaksvik,20,FO,1519937400,68,62.23,-6.59,28.399999999999977,1.0
3,Kodiak,1,US,1519933980,29,39.95,-94.76,51.799999999999955,6.2
4,Sitka,0,US,1519938524,66,37.17,-99.65,53.15540000000004,2.33
5,Sola,48,VU,1519938525,100,-13.88,167.55,78.62539999999996,2.98
6,Hilo,90,US,1519936920,88,19.71,-155.08,71.59999999999997,9.53
7,Beawar,8,IN,1519938476,53,26.1,74.31,65.89040000000006,4.08
8,Bluff,36,NZ,1519938344,97,-46.6,168.33,61.165400000000034,5.23
9,Cabo San Lucas,5,MX,1519933320,49,22.89,-109.91,76.99999999999994,4.1
10,Hithadhoo,92,MV,1519938441,100,-0.6,73.08,82.72039999999998,3.43
11,Maloy,8,NO,1519937400,41,61.94,5.11,22.999999999999943,3.6
12,Puqi,64,CN,1519938528,100,29.72,113.88,50.77039999999994,5.88
13,Provideniya,92,RU,1519938349,99,64.42,-173.23,29.665400000000034,3.98
14,Cabedelo,75,BR,1519934400,88,-6.97,-34.84,78.80000000000001,2.1
15,Ilulissat,75,GL,1519937400,69,69.22,-51.1,33.799999999999955,2.1
16,Touros,92,BR,1519938529,100,-5.2,-35.46,73.31540000000001,5.23
17,Faanui,68,PF,1519938530,99,-16.48,-151.75,82.00039999999996,7.83
18,Aniva,90,RU,1519936200,86,46.71,142.53,28.399999999999977,16.0
19,Kenai,1,US,1519934160,52,60.55,-151.26,15.799999999999955,1.5
20,East London,92,ZA,1519938436,100,-33.02,27.91,72.14539999999994,5.83
21,Saint-Augustin,75,CA,1519934400,64,45.63,-73.98,35.599999999999966,4.6
22,Punta Arenas,0,CL,1519934400,50,-53.16,-70.91,57.19999999999999,11.3
23,Lekoni,64,GA,1519938532,67,-1.58,14.26,76.15040000000005,4.43
24,Vila Velha,75,BR,1519938000,94,-3.71,-38.6,76.99999999999994,2.6
25,Isla Vista,90,US,1519936500,58,34.41,-119.86,58.99999999999994,4.6
26,Butaritari,56,KI,1519938391,100,3.07,172.79,82.54040000000003,5.28
27,Kapaa,75,US,1519934160,83,22.08,-159.32,75.19999999999999,8.2
28,Hobart,64,AU,1519938516,91,-42.88,147.33,53.60540000000009,1.03
29,Aksu,0,KZ,1519936200,83,52.04,76.93,-9.399999999999977,4.0
30,Basco,80,PH,1519938535,100,20.45,121.97,77.72539999999998,6.98
31,Paamiut,80,GL,1519938536,90,61.99,-49.67,31.60039999999998,1.33
32,Hounde,24,BF,1519938536,36,11.5,-3.52,83.30540000000002,3.08
33,Lorengau,48,PG,1519938508,100,-2.02,147.27,81.19040000000001,1.03
34,Avarua,40,CK,1519934400,74,-21.21,-159.78,84.19999999999999,3.1
35,Evensk,0,RU,1519938537,100,61.92,159.24,-0.7545999999999822,2.18
36,Fortuna,75,US,1519936500,81,40.6,-124.16,51.799999999999955,6.2
37,Hermanus,32,ZA,1519938538,80,-34.42,19.24,62.51540000000006,3.48
38,Igreja Nova,92,BR,1519938538,77,-10.13,-36.66,79.84039999999999,5.38
39,Humberto de Campos,36,BR,1519938279,95,-2.6,-43.46,81.37039999999996,4.58
40,Yellowknife,90,CA,1519934400,59,62.45,-114.38,-0.39999999999997726,5.7
41,Villarrica,0,CL,1519938539,42,-39.28,-72.23,75.79040000000003,1.33
42,Castro,0,CL,1519938429,71,-42.48,-73.76,65.44040000000001,1.18
43,Tasiilaq,0,GL,1519937400,72,65.61,-37.64,17.599999999999966,3.1
44,Victoria,40,SC,1519934400,78,-4.62,55.45,82.39999999999992,3.1
45,Cherskiy,88,RU,1519938338,84,68.75,161.3,0.23539999999997008,3.58
46,Bakau,0,GM,1519934400,73,13.48,-16.68,69.80000000000001,4.1
47,Norman Wells,20,CA,1519935780,69,65.28,-126.83,-13.0,2.1
48,Tigil,32,RU,1519938541,74,57.8,158.67,13.780400000000043,5.13
49,Carnarvon,0,AU,1519938534,99,-24.87,113.63,76.37539999999996,7.63
50,San Vicente,76,PH,1519938542,100,14.11,122.87,80.15540000000004,4.93
51,New Norfolk,8,AU,1519938390,89,-42.78,147.06,44.69539999999995,1.88
52,Busselton,20,AU,1519938326,100,-33.64,115.35,61.345399999999984,6.48
53,Rikitea,80,PF,1519938495,98,-23.12,-134.97,81.3254,8.53
54,Brae,64,GB,1519937400,74,60.4,-1.35,28.399999999999977,6.7
55,Dikson,32,RU,1519938544,80,73.51,80.55,-4.8496000000000095,3.23
56,Cap Malheureux,40,MU,1519934400,88,-19.98,57.61,78.80000000000001,5.1
57,Yulara,0,AU,1519934400,31,-25.24,130.99,75.19999999999999,4.1
58,Tiznit,24,MA,1519938545,93,29.7,-9.73,59.32040000000001,2.88
59,Bethel,40,US,1519933980,72,60.79,-161.76,12.199999999999932,2.6
60,Longyearbyen,20,SJ,1519937400,61,78.22,15.64,12.199999999999932,6.2
61,Yabelo,8,ET,1519938548,91,4.89,38.09,59.095399999999984,1.03
62,Bambous Virieux,40,MU,1519934400,88,-20.34,57.76,78.80000000000001,5.1
63,Berlevag,90,NO,1519937400,86,70.86,29.09,26.599999999999966,6.2
64,Porangatu,0,BR,1519938549,87,-13.44,-49.14,77.59039999999999,1.63
65,Kruisfontein,100,ZA,1519938550,97,-34.0,24.73,66.52039999999994,3.88
66,Geraldton,90,AU,1519936200,88,-28.77,114.6,69.80000000000001,7.7
67,Ilo,12,PE,1519938551,65,-17.65,-71.34,74.80040000000002,1.98
68,Batemans Bay,24,AU,1519938551,100,-35.71,150.18,60.220399999999984,1.93
69,Alofi,75,NU,1519934400,79,-19.06,-169.92,84.19999999999999,3.6
70,San Cristobal,92,EC,1519938552,100,-1.02,-79.44,64.49539999999996,1.33
71,Manuk Mangkaw,12,PH,1519938552,100,4.8,119.85,81.50540000000007,0.83
72,Ostrovnoy,48,RU,1519938553,88,68.05,39.51,17.425399999999968,6.23
73,Torbay,90,CA,1519934400,89,47.66,-52.73,31.999999999999943,3.1
74,Kandi,0,BJ,1519938554,43,11.13,2.93,74.0804,1.83
75,Chuy,0,UY,1519938554,81,-33.69,-53.46,76.1954,3.68
76,Ribeira Grande,75,PT,1519936200,71,38.52,-28.7,49.99999999999994,2.1
77,Atuona,8,PF,1519938538,99,-9.8,-139.03,81.37039999999996,7.93
78,Cape Town,0,ZA,1519934400,60,-33.93,18.42,69.80000000000001,6.7
79,Luderitz,0,NA,1519934400,60,-26.65,15.16,69.80000000000001,10.3
80,Barra Patuca,32,HN,1519938508,84,15.8,-84.28,81.50540000000007,5.33
81,Itarema,44,BR,1519938402,94,-2.92,-39.92,77.09539999999998,2.63
82,Jamestown,32,SH,1519938533,100,-15.94,-5.72,73.99039999999997,5.23
83,Grand Gaube,40,MU,1519934400,88,-20.01,57.66,78.80000000000001,5.1
84,Songkhla,20,TH,1519938000,94,7.2,100.6,75.19999999999999,3.53
85,Cockburn Town,0,TC,1519938558,100,21.46,-71.14,75.52039999999994,3.78
86,Khatanga,36,RU,1519938559,75,71.98,102.47,-11.644600000000025,3.48
87,Vardo,90,NO,1519937400,92,70.37,31.11,24.799999999999955,5.7
88,San Ignacio,68,PE,1519938559,77,-5.15,-79.0,65.98040000000009,0.63
89,Pathalgaon,0,IN,1519938560,73,22.56,83.46,58.01540000000006,1.23
90,La Ciotat,75,FR,1519938000,70,43.17,5.6,48.19999999999993,4.6
91,Balaipungut,36,ID,1519938561,94,1.11,101.31,74.0804,1.08
92,Ponta do Sol,0,CV,1519938556,100,17.2,-25.09,68.99539999999996,3.13
93,Mayor Pablo Lagerenza,24,PY,1519938562,82,-19.93,-60.77,83.35039999999998,2.53
94,Lompoc,90,US,1519936500,58,34.64,-120.46,57.19999999999999,4.6
95,Cayenne,75,GF,1519936200,74,4.94,-52.33,82.39999999999992,3.1
96,Hammerfest,75,NO,1519937400,92,70.66,23.68,30.199999999999932,2.1
97,Adrar,0,DZ,1519934400,16,27.87,-0.29,75.19999999999999,4.1
98,Saquarema,40,BR,1519938000,83,-22.93,-42.51,84.19999999999999,1.5
99,Jalu,0,LY,1519938564,56,29.03,21.55,59.68040000000002,3.68
100,Hervey Bay,0,AU,1519938564,98,-25.3,152.85,79.34539999999998,1.43
101,Padang,68,ID,1519938565,100,-0.92,100.36,81.73040000000009,1.23
102,Nikolskoye,0,RU,1519936200,84,59.7,30.79,4.999999999999943,2.0
103,Srednekolymsk,76,RU,1519938566,57,67.46,153.71,-11.824600000000032,3.28
104,Saskylakh,0,RU,1519938521,47,71.97,114.09,-29.46460000000002,4.83
105,Yingcheng,90,CN,1519934400,93,30.93,113.57,44.599999999999966,3.0
106,Qaanaaq,80,GL,1519938319,93,77.48,-69.36,13.55540000000002,3.78
107,Port Alfred,48,ZA,1519938346,89,-33.59,26.89,68.54539999999992,4.78
108,Georgetown,76,SH,1519938324,100,-7.93,-14.42,78.94040000000001,7.58
109,Haines Junction,0,CA,1519938568,71,60.75,-137.51,-4.26460000000003,1.23
110,Villa Carlos Paz,40,AR,1519934400,35,-31.42,-64.5,84.19999999999999,3.1
111,Zabol,20,IR,1519934400,67,31.03,61.49,58.99999999999994,5.1
112,Ayr,100,AU,1519938569,100,-19.58,147.4,78.40040000000005,2.43
113,Kalmunai,24,LK,1519938524,100,7.42,81.82,73.22539999999998,1.78
114,Pisco,0,PE,1519934400,61,-13.71,-76.2,78.80000000000001,8.7
115,Jacareacanga,24,BR,1519938570,83,-6.22,-57.76,82.90040000000005,0.73
116,Haimen,92,CN,1519938570,100,31.87,121.18,40.69040000000001,5.68
117,Port Elizabeth,75,ZA,1519934400,93,-33.92,25.57,66.19999999999999,1.5
118,Puerto Ayora,20,EC,1519934400,66,-0.74,-90.35,84.19999999999999,4.6
119,Niamey,0,NE,1519934400,9,13.52,2.11,91.39999999999992,2.1
120,Albany,92,AU,1519938572,93,-35.02,117.88,59.32040000000001,1.88
121,Khash,36,IR,1519938572,91,28.22,61.21,46.18040000000002,2.28
122,Vaini,75,TO,1519934400,94,-21.2,-175.2,75.19999999999999,8.63
123,Athabasca,68,CA,1519938336,81,54.72,-113.29,20.30540000000002,7.08
124,Mar del Plata,0,AR,1519938346,29,-46.43,-67.52,77.90540000000004,3.98
125,Kushiro,80,JP,1519938573,86,43.11,144.15,30.925399999999968,7.83
126,Ratnagiri,0,IN,1519938574,100,16.98,73.3,77.72539999999998,3.13
127,Custoias,92,PT,1519938574,95,41.11,-7.32,37.27039999999994,5.43
128,The Valley,20,AI,1519934400,61,18.22,-63.06,78.80000000000001,4.6
129,Santa Maria del Oro,0,MX,1519938575,22,25.95,-105.37,67.1954,0.78
130,Colombo,24,LK,1519938362,100,6.93,79.85,76.8254,2.28
131,Upernavik,88,GL,1519938576,87,72.79,-56.15,23.1404,4.08
132,Cascais,20,PT,1519936200,71,38.7,-9.42,55.39999999999992,2.6
133,Waingapu,36,ID,1519938576,99,-9.65,120.26,70.30040000000002,0.63
134,Lahaina,75,US,1519934160,69,20.87,-156.68,76.99999999999994,2.6
135,Hofn,8,IS,1519938577,100,64.25,-15.21,34.25540000000001,11.18
136,Cuyamel,20,HN,1519938000,49,15.66,-88.19,91.39999999999992,5.1
137,Barrow,90,US,1519936500,62,39.51,-90.4,55.39999999999992,6.7
138,Mizan Teferi,0,ET,1519938579,70,6.99,35.58,61.12039999999996,0.73
139,Kawalu,64,ID,1519938579,98,-7.38,108.21,67.3304,0.88
140,Thompson,75,CA,1519934400,73,55.74,-97.86,26.599999999999966,2.6
141,Isangel,12,VU,1519938580,100,-19.55,169.27,81.8204,1.88
142,Severo-Kurilsk,36,RU,1519938581,100,50.68,156.12,21.47539999999998,6.58
143,Narsaq,5,GL,1519937400,68,60.91,-46.05,30.199999999999932,1.5
144,Nucsoara,88,RO,1519938582,76,45.33,24.78,15.220399999999927,0.98
145,Kisangani,44,CD,1519938582,100,0.52,25.21,71.29040000000003,1.43
146,Sibolga,32,ID,1519938582,100,1.74,98.78,68.05040000000002,0.88
147,Takoradi,0,GH,1519938533,97,4.89,-1.75,81.37039999999996,4.13
148,Kibaya,44,TZ,1519938583,93,-5.32,36.56,61.300400000000025,1.33
149,Lebu,0,CL,1519938498,88,-37.62,-73.65,61.255400000000066,6.73
150,Poso,100,ID,1519938584,100,-1.4,120.75,78.89539999999994,0.53
151,Harnosand,0,SE,1519937400,83,62.63,17.94,-5.800000000000011,1.5
152,San Patricio,5,MX,1519933260,83,19.22,-104.7,76.99999999999994,5.1
153,Bereznik,76,RU,1519938585,86,62.86,42.71,9.190400000000011,1.23
154,Ancud,32,CL,1519938533,77,-41.87,-73.83,64.49539999999996,1.33
155,Jati,0,PK,1519938586,78,24.35,68.27,66.11539999999997,2.23
156,Selikhino,88,RU,1519938586,80,50.37,137.51,11.980400000000031,5.73
157,Ejura,12,GH,1519938587,83,7.38,-1.37,76.3304,1.53
158,Mount Isa,75,AU,1519936200,78,-20.73,139.49,78.80000000000001,4.1
159,Trairi,68,BR,1519938535,100,-3.28,-39.27,80.6954,5.93
160,Arraial do Cabo,40,BR,1519938000,83,-22.97,-42.02,84.19999999999999,1.5
161,Bucerias,5,MX,1519933500,78,20.76,-105.33,73.39999999999992,5.1
162,Washington DC.,90,US,1519937220,71,38.9,-77.04,55.39999999999992,2.6
163,Osakarovka,44,KZ,1519938335,77,50.56,72.58,-1.5646000000000413,1.73
164,Bilma,0,NE,1519938590,31,18.69,12.92,63.73040000000009,1.23
165,Praia,20,CV,1519934400,73,14.92,-23.51,69.80000000000001,7.2
166,Port Lincoln,88,AU,1519938591,98,-34.72,135.86,66.34039999999999,3.33
167,Calvinia,0,ZA,1519938591,70,-31.47,19.78,55.675400000000025,1.48
168,Vagay,12,RU,1519938591,67,57.94,69.02,2.6654000000000337,3.08
169,Marsh Harbour,0,BS,1519938592,100,26.54,-77.06,74.75540000000007,2.78
170,Amazar,36,RU,1519938592,61,53.86,120.88,-9.34960000000001,1.08
171,Corum,8,TR,1519938593,82,38.8,29.89,22.64539999999994,1.18
172,Tilichiki,12,RU,1519938509,76,60.47,166.1,10.94539999999995,5.23
173,Moundsville,90,US,1519937760,93,39.92,-80.74,53.599999999999966,7.7
174,Yumen,20,CN,1519938593,59,40.29,97.04,33.71539999999999,5.23
175,Saint-Pierre,0,PM,1519934400,64,46.77,-56.17,37.39999999999998,5.1
176,Tuktoyaktuk,20,CA,1519934400,74,69.44,-133.03,-22.0,2.1
177,Korla,36,CN,1519938595,70,41.76,86.15,24.13040000000001,1.18
178,Vanavara,0,RU,1519938595,38,60.35,102.28,-25.999599999999987,1.18
179,Kahului,20,US,1519934160,65,20.89,-156.47,76.99999999999994,7.2
180,Tura,56,RU,1519938596,53,64.27,100.22,-19.429599999999994,1.03
181,Husavik,90,IS,1519934400,80,66.04,-17.34,30.199999999999932,4.6
182,Lucapa,76,AO,1519938597,78,-8.42,20.74,69.67039999999992,2.58
183,Mahebourg,40,MU,1519934400,88,-20.41,57.7,78.80000000000001,5.1
184,Yarada,0,IN,1519938598,100,17.65,83.27,79.75039999999996,3.33
185,Kofele,36,ET,1519938598,100,7.07,38.78,50.05039999999997,1.38
186,Price,90,US,1519938000,59,39.6,-110.81,31.999999999999943,5.1
187,Lagoa,20,PT,1519936200,76,37.14,-8.45,57.19999999999999,7.2
188,Kupang,0,ID,1519938600,100,-10.16,123.6,77.59039999999999,0.53
189,Nome,1,US,1519937700,47,30.04,-94.42,76.99999999999994,5.7
190,Huarmey,36,PE,1519938342,57,-10.07,-78.15,75.74539999999996,1.78
191,Skjervoy,90,NO,1519937400,100,70.03,20.97,30.199999999999932,2.6
192,Salihorsk,76,BY,1519938602,85,52.79,27.54,16.93040000000002,4.48
193,Majene,64,ID,1519938602,100,-3.54,118.97,81.64040000000006,4.33
194,Nicolas de Pierola,68,PE,1519938603,63,-11.95,-76.7,68.23040000000009,1.18
195,Sorland,75,NO,1519935600,68,67.67,12.69,28.399999999999977,2.1
196,Katsuura,0,JP,1519938344,79,33.93,134.5,39.97039999999993,5.58
197,Bin Qirdan,0,TN,1519938604,35,33.14,11.22,75.56540000000001,8.08
198,Taksimo,24,RU,1519938604,55,56.36,114.84,-21.454600000000028,0.93
199,Lavrentiya,92,RU,1519938527,97,65.58,-170.99,28.000400000000013,15.98
200,Revda,56,RU,1519938605,66,67.94,34.55,5.2753999999999905,1.13
201,Vallenar,0,CL,1519938605,60,-28.58,-70.76,71.65040000000005,1.18
202,Ardakan,20,IR,1519934400,50,32.31,54.02,51.799999999999955,1.0
203,Pueblo Nuevo,0,MX,1519938606,49,23.99,-106.96,81.55040000000002,1.68
204,Terney,80,RU,1519938607,90,45.05,136.61,24.94040000000001,13.48
205,Bredasdorp,32,ZA,1519934400,64,-34.53,20.04,67.99999999999994,5.1
206,Byron Bay,90,AU,1519936200,78,-28.65,153.62,75.19999999999999,4.1
207,Beyneu,88,KZ,1519938608,96,45.32,55.19,22.60039999999998,5.83
208,Diffa,0,NE,1519938609,24,13.32,12.61,76.01540000000006,4.38
209,Tadine,68,NC,1519938609,99,-21.55,167.88,80.74039999999997,1.33
210,Point Pedro,0,LK,1519938610,97,9.82,80.23,79.39040000000006,4.58
211,Port Moresby,40,PG,1519934400,94,-9.47,147.16,76.99999999999994,2.6
212,Chokurdakh,76,RU,1519938596,78,70.62,147.9,-4.26460000000003,5.23
213,Alice Springs,0,AU,1519936200,30,-23.7,133.88,69.80000000000001,2.6
214,Baldone,40,LV,1519937400,85,56.74,24.39,19.399999999999977,4.6
215,Angoche,0,MZ,1519938611,100,-16.23,39.91,83.5754,3.03
216,Sarkand,92,KZ,1519938612,100,45.41,79.91,30.115400000000022,2.98
217,Binga,92,CD,1519938612,99,0.52,29.32,63.28040000000004,0.63
218,Kudahuvadhoo,64,MV,1519938613,100,2.67,72.89,83.35039999999998,5.53
219,Taoudenni,0,ML,1519938613,25,22.68,-3.98,71.6954,3.48
220,Emerald,32,AU,1519938614,88,-23.53,148.16,75.52039999999994,1.88
221,Montepuez,44,MZ,1519938614,99,-13.13,39.0,69.49039999999997,1.73
222,Caucaia,75,BR,1519938000,94,-3.73,-38.66,76.99999999999994,2.6
223,Fonte Boa,0,BR,1519938616,66,-2.51,-66.09,89.29040000000003,1.68
224,Vilyuysk,20,RU,1519938617,42,63.75,121.63,-27.079600000000028,1.48
225,Nelson Bay,75,AU,1519936200,93,-32.72,152.14,66.19999999999999,4.1
226,Saint-Philippe,0,RE,1519936200,78,-21.36,55.77,78.80000000000001,2.6
227,Kano,0,NG,1519934400,17,11.99,8.53,82.39999999999992,1.0
228,Chimbote,12,PE,1519938619,81,-9.08,-78.59,73.63040000000007,3.18
229,Kavaratti,0,IN,1519938620,100,10.57,72.64,84.29539999999992,3.13
230,Thinadhoo,92,MV,1519938621,100,0.53,72.93,83.35039999999998,5.48
231,Alugan,64,PH,1519938621,100,12.22,125.48,77.05040000000002,2.43
232,Pacific Grove,90,US,1519936800,99,36.62,-121.92,57.19999999999999,11.8
233,Bodden Town,20,KY,1519934400,66,19.28,-81.25,84.19999999999999,6.7
234,Gondanglegi,68,ID,1519938624,94,-7.75,112.01,71.42540000000002,1.28
235,Cachoeiras de Macacu,20,BR,1519934400,74,-22.46,-42.65,84.19999999999999,2.6
236,Jiaozuo,0,CN,1519938625,74,35.21,113.25,26.155400000000043,0.98
237,Tautira,20,PF,1519936200,70,-17.73,-149.15,85.99999999999994,4.1
238,Erzin,68,RU,1519938626,94,50.26,95.16,8.740400000000022,1.33
239,Iqaluit,75,CA,1519934400,84,63.75,-68.52,8.599999999999966,1.58
240,Kaabong,64,UG,1519938627,93,3.51,34.14,61.255400000000066,1.23
241,Caravelas,0,BR,1519938627,100,-17.73,-39.27,82.04539999999992,8.28
242,Souillac,40,MU,1519934400,88,-20.52,57.52,78.80000000000001,5.1
243,Fairbanks,20,US,1519934280,75,64.84,-147.72,-13.0,3.43
244,Saldanha,0,ZA,1519934400,68,-33.01,17.94,66.19999999999999,4.1
245,Mezen,8,RU,1519938629,72,65.85,44.24,11.125400000000013,2.23
246,Coquimbo,20,CL,1519934400,68,-29.95,-71.34,67.99999999999994,5.7
247,Hay River,40,CA,1519934400,64,60.82,-115.79,-2.1999999999999886,3.6
248,Dallas,90,US,1519937700,63,32.78,-96.8,62.599999999999966,6.2
249,Beringovskiy,44,RU,1519938631,85,63.05,179.32,30.970399999999927,8.28
250,Lafiagi,32,NG,1519938631,45,8.85,5.42,84.97039999999998,3.68
251,Biak,56,ID,1519938632,100,-0.91,122.88,76.15040000000005,1.18
252,Imbituba,40,BR,1519938000,78,-28.24,-48.67,80.59999999999997,4.6
253,Agirish,0,RU,1519938633,75,61.92,63.02,11.800399999999968,3.73
254,Namatanai,32,PG,1519938633,100,-3.66,152.44,81.73040000000009,3.58
255,Ladario,40,BR,1519935000,83,-19.0,-57.6,78.80000000000001,2.1
256,Noyabrsk,36,RU,1519938635,63,63.2,75.45,-3.6345999999999776,4.58
257,Chumikan,32,RU,1519938446,73,54.72,135.31,-11.14960000000002,1.13
258,Havoysund,75,NO,1519937400,86,71.0,24.66,28.399999999999977,6.7
259,Loralai,8,PK,1519938636,89,30.37,68.6,39.92539999999997,2.08
260,Huejuquilla el Alto,0,MX,1519938637,19,22.63,-103.9,75.79040000000003,2.03
261,Mullovka,0,RU,1519934400,76,54.22,49.39,-11.199999999999989,1.33
262,Vanimo,20,PG,1519938638,100,-2.67,141.3,80.2004,1.18
263,Suzun,48,RU,1519938638,73,53.78,82.32,0.3704000000000178,4.93
264,Kaeo,88,NZ,1519938517,97,-35.1,173.78,69.22039999999998,4.73
265,Toktogul,92,KG,1519938638,100,41.87,72.95,29.62039999999996,0.73
266,Gerga,90,RU,1519936200,93,42.35,47.96,40.99999999999994,6.0
267,Mayo,5,CA,1519934400,63,63.59,-135.9,-11.199999999999989,1.0
268,Uyemskiy,90,RU,1519936200,100,64.47,40.85,17.599999999999966,2.0
269,Tromso,90,NO,1519937400,100,69.65,18.96,31.999999999999943,6.7
270,Quatre Cocos,40,MU,1519934400,88,-20.21,57.76,78.80000000000001,5.1
271,Conceicao das Alagoas,24,BR,1519938641,72,-19.91,-48.39,84.0704,1.08
272,Maniitsoq,92,GL,1519938642,68,65.42,-52.9,30.970399999999927,3.38
273,Nouadhibou,20,MR,1519934400,82,20.93,-17.03,67.99999999999994,3.6
274,Shenjiamen,100,CN,1519938642,98,29.96,122.3,48.790400000000034,7.53
275,Raudeberg,8,NO,1519937400,41,61.99,5.14,22.999999999999943,3.6
276,Bonnyville,20,CA,1519938000,52,54.27,-110.74,19.399999999999977,2.1
277,Saint-Michel-des-Saints,44,CA,1519938510,67,46.68,-73.92,31.87039999999996,2.83
278,Harper,20,LR,1519938644,94,4.38,-7.71,82.72039999999998,3.73
279,Aksarka,64,RU,1519938526,78,66.56,67.8,2.080400000000054,4.53
280,Acajutla,20,SV,1519933800,59,13.59,-89.83,89.59999999999997,1.5
281,Lahij,56,YE,1519938645,100,13.06,44.88,66.11539999999997,1.03
282,Jaisalmer,0,IN,1519938646,83,26.91,70.91,66.65540000000004,1.23
283,Boyolangu,68,ID,1519938646,94,-8.09,111.9,71.42540000000002,1.28
284,Shieli,8,KZ,1519938619,72,44.18,66.74,24.490400000000022,4.53
285,Trelleborg,90,SE,1519937400,92,55.38,13.15,22.999999999999943,3.6
286,Jutai,68,BR,1519938648,86,-1.71,-47.89,79.84039999999999,2.08
287,Haapiti,20,PF,1519936200,70,-17.57,-149.87,85.99999999999994,4.1
288,Nuuk,90,GL,1519937400,69,64.17,-51.74,37.39999999999998,2.6
289,Mount Gambier,88,AU,1519938588,92,-37.83,140.78,55.27039999999994,1.63
290,Ketchikan,90,US,1519937580,41,55.34,-131.65,44.599999999999966,2.1
291,Eureka,75,US,1519936500,81,40.8,-124.16,51.799999999999955,6.2
292,Tulsipur,76,NP,1519938651,74,28.13,82.29,52.93040000000002,0.98
293,Rawson,0,AR,1519938388,21,-43.3,-65.11,82.31540000000001,2.83
294,Magadan,20,RU,1519934400,73,59.56,150.8,-31.0,2.93
295,Powell,90,US,1519937700,93,40.16,-83.08,57.19999999999999,9.3
296,Palana,68,RU,1519938517,75,59.08,159.95,16.12039999999996,4.88
297,Buzmeyin,32,TM,1519934400,93,38.05,58.21,48.19999999999993,2.1
298,Valley,90,US,1519937880,100,48.18,-117.72,37.39999999999998,3.6
299,Lakes Entrance,76,AU,1519938653,100,-37.88,147.99,62.15540000000004,1.83
300,Roald,0,NO,1519937400,52,62.58,6.12,19.399999999999977,2.18
301,Nanortalik,0,GL,1519938633,87,60.14,-45.24,31.19539999999995,4.23
302,Guerrero Negro,0,MX,1519938482,45,27.97,-114.04,65.98040000000009,5.13
303,Agadir,75,MA,1519936200,82,30.42,-9.58,62.599999999999966,1.5
304,Hualmay,20,PE,1519938583,61,-11.1,-77.61,75.25039999999996,1.88
305,Pevek,88,RU,1519938536,86,69.7,170.27,26.290400000000034,10.33
306,Dokka,0,NO,1519938656,65,60.83,10.07,-4.624599999999987,0.93
307,Bilibino,80,RU,1519938657,89,68.06,166.44,6.625400000000013,1.03
308,Merauke,8,ID,1519938522,100,-8.49,140.4,76.15040000000005,2.58
309,Yar-Sale,44,RU,1519938657,73,66.83,70.83,3.475399999999979,6.83
310,Hovd,0,MN,1519938658,58,48.01,91.64,21.34039999999999,4.83
311,Trat,20,TH,1519938659,100,12.25,102.51,79.12039999999996,2.38
312,West Wendover,75,US,1519937760,60,40.74,-114.07,42.799999999999955,3.1
313,Bandarbeyla,0,SO,1519938512,100,9.49,50.81,77.00540000000007,3.48
314,Hasaki,0,JP,1519936200,41,35.73,140.83,42.799999999999955,2.6
315,Slave Lake,1,CA,1519938000,35,55.28,-114.77,26.599999999999966,6.2
316,Poum,36,NC,1519938661,100,-20.23,164.02,81.73040000000009,3.13
317,Gogosu,92,RO,1519938662,93,44.37,22.59,18.550399999999968,1.43
318,Tuatapere,100,NZ,1519938662,100,-46.13,167.69,61.39040000000006,1.98
319,Kholodnyy,12,RU,1519938664,41,62.72,147.95,-29.14960000000002,1.13
320,Flagstaff,1,US,1519936500,32,35.2,-111.65,53.599999999999966,4.1
321,Sitangkai,12,PH,1519938665,100,4.66,119.39,81.3254,0.28
322,Nicoya,20,CR,1519934400,34,10.15,-85.45,93.19999999999999,5.1
323,Saint-Joseph,0,RE,1519936200,78,-21.37,55.62,78.80000000000001,2.6
324,Binzhou,0,CN,1519938667,51,37.38,117.96,27.82039999999995,4.08
325,Tiksi,64,RU,1519938401,58,71.64,128.87,-20.28460000000001,1.68
326,Vila Franca do Campo,40,PT,1519936200,81,37.72,-25.43,49.99999999999994,0.5
327,Hamilton,75,BM,1519934100,60,32.3,-64.78,69.80000000000001,6.7
328,Saint Lawrence,100,MT,1519935300,87,36.06,14.2,60.80000000000001,7.7
329,Desbiens,90,CA,1519934400,86,48.42,-71.95,28.399999999999977,3.1
330,Luanda,20,AO,1519934400,83,-8.83,13.24,80.59999999999997,3.1
331,Esperance,64,AU,1519938669,97,-33.86,121.89,64.67540000000002,4.48
332,Champerico,40,GT,1519934400,49,14.3,-91.92,89.59999999999997,7.2
333,Kieta,24,PG,1519938670,100,-6.22,155.63,78.40040000000005,2.03
334,Wodonga,48,AU,1519934400,67,-36.12,146.89,60.80000000000001,0.5
335,Howard Springs,75,AU,1519936200,94,-12.5,131.05,80.59999999999997,2.1
336,Makat,24,KZ,1519938671,91,47.65,53.35,10.000400000000013,5.48
337,Sur,20,OM,1519938652,91,22.57,59.53,73.76540000000006,2.48
338,Road Town,40,VG,1519934400,65,18.42,-64.62,78.80000000000001,2.6
339,Waycross,40,US,1519936500,61,31.21,-82.35,82.39999999999992,5.1
340,Le Port,44,RE,1519936200,74,-20.94,55.29,78.80000000000001,5.7
341,Zhigansk,36,RU,1519938673,66,66.77,123.37,-22.624599999999987,1.18
342,Celestun,0,MX,1519938674,92,20.87,-90.4,80.24539999999996,2.73
343,Egvekinot,88,RU,1519938639,94,66.32,-179.17,27.37039999999996,3.88
344,Pamanukan,24,ID,1519938674,100,-6.28,107.82,80.38040000000007,1.68
345,Verdun,90,FR,1519938000,46,49.16,5.39,30.199999999999932,9.8
346,Itaqui,76,BR,1519938675,44,-29.13,-56.55,90.86539999999997,2.28
347,Aklavik,75,CA,1519934400,69,68.22,-135.01,-7.600000000000023,1.5
348,Tabas,0,IR,1519938676,81,33.6,56.92,42.22039999999993,1.53
349,Paramonga,68,PE,1519938676,93,-10.68,-77.82,69.04040000000003,3.33
350,Jinchang,0,CN,1519938677,59,38.52,102.19,13.870399999999961,1.63
351,Askarovo,0,RU,1519936200,65,53.34,58.51,6.7999999999999545,6.0
352,Ucluelet,90,CA,1519934400,86,48.94,-125.55,39.19999999999993,3.6
353,Carmen,20,CR,1519934400,36,9.87,-83.92,82.39999999999992,6.2
354,Gravdal,0,NO,1519937400,41,59.79,5.78,21.199999999999932,4.1
355,George Town,20,KY,1519934400,66,19.29,-81.37,84.19999999999999,6.7
356,Nalut,8,LY,1519938679,36,31.86,10.98,69.85039999999998,7.73
357,Keti Bandar,0,PK,1519938679,96,24.14,67.45,75.47539999999998,4.13
358,Gerpinnes,75,BE,1519937400,50,50.34,4.53,31.999999999999943,6.7
359,Blyth,75,GB,1519937400,89,55.12,-1.5,33.799999999999955,8.7
360,Kuala Terengganu,75,MY,1519938000,94,5.33,103.14,76.99999999999994,1.0
361,Pauini,8,BR,1519938681,41,-7.71,-67.0,95.54539999999992,1.83
362,Kumluca,8,TR,1519938681,85,36.37,30.29,26.470399999999927,0.73
363,Port Hardy,40,CA,1519938000,70,50.7,-127.42,44.599999999999966,6.7
364,Grenada,90,US,1519937580,82,33.77,-89.81,62.599999999999966,1.5
365,Plettenberg Bay,92,ZA,1519938683,100,-34.05,23.37,66.97039999999998,5.63
366,Dafeng,92,CN,1519938684,80,33.2,120.46,39.56540000000001,4.23
367,Praya,40,ID,1519938000,94,-8.71,116.27,75.19999999999999,2.18
368,Diu,0,IN,1519938685,29,20.71,70.98,74.30540000000002,3.58
369,Amnat Charoen,36,TH,1519938686,90,15.86,104.63,75.79040000000003,2.58
370,Pervomayskiy,68,RU,1519938687,79,53.24,40.29,6.80540000000002,5.18
371,Polunochnoye,0,RU,1519938688,68,60.87,60.43,10.000400000000013,4.18
372,Anloga,40,GH,1519934400,83,5.79,0.9,82.39999999999992,4.6
373,Samarai,48,PG,1519938688,100,-10.62,150.67,82.04539999999992,1.23
374,Buala,56,SB,1519938598,97,-8.15,159.59,80.74039999999997,3.38
375,Gallup,1,US,1519937580,18,35.53,-108.74,53.599999999999966,5.7
376,Pangnirtung,75,CA,1519934400,92,66.15,-65.72,22.999999999999943,0.98
377,Margate,80,ZA,1519938690,100,-30.86,30.37,69.80540000000002,1.43
378,Sovetskiy,44,RU,1519938691,80,56.76,48.47,4.375400000000013,3.23
379,Aberdeen,90,US,1519937640,70,46.98,-123.82,46.39999999999998,6.2
380,Henties Bay,0,NA,1519938692,100,-22.12,14.28,61.795399999999916,2.03
381,Loreto,0,MX,1519938692,27,22.27,-101.99,79.03040000000004,2.98
382,Coihaique,40,CL,1519934400,42,-45.58,-72.07,64.39999999999992,4.1
383,Highland Springs,90,US,1519938180,100,37.55,-77.33,55.39999999999992,5.1
384,Genhe,32,CN,1519938694,65,50.78,121.52,-11.01460000000003,1.28
385,Bowen,80,AU,1519934400,94,-20.01,148.25,73.39999999999992,2.43
386,Walvis Bay,0,NA,1519934400,77,-22.95,14.51,62.599999999999966,0.5
387,Killybegs,92,IE,1519938628,100,54.63,-8.45,34.57039999999995,13.38
388,Cocobeach,20,GA,1519936200,74,1.01,9.58,80.59999999999997,3.1
389,Petauke,100,ZM,1519938696,98,-14.25,31.33,67.01540000000006,0.83
390,Ternate,44,ID,1519938697,100,0.8,127.4,81.59539999999998,2.18
391,Iskateley,44,RU,1519938698,86,67.68,53.15,16.750400000000013,8.78
392,Kendari,76,ID,1519938698,95,-3.99,122.52,73.04539999999992,1.03
393,Vao,44,NC,1519938699,100,-22.67,167.48,78.71539999999999,2.78
394,Sungaipenuh,36,ID,1519938699,96,-2.08,101.38,65.39539999999994,0.53
395,Port Macquarie,100,AU,1519934400,88,-31.43,152.91,64.39999999999992,3.6
396,Kargil,92,IN,1519938700,92,34.57,76.1,16.750400000000013,0.68
397,Bosobolo,80,CD,1519938701,81,4.19,19.88,75.65540000000004,3.73
398,Madimba,92,TZ,1519938701,100,-10.4,40.33,75.2054,5.03
399,Cidreira,44,BR,1519938701,78,-30.17,-50.22,76.87039999999996,5.08
400,Ahipara,76,NZ,1519938580,94,-35.17,173.16,70.52540000000005,5.38
401,Sabya,20,SA,1519934400,65,17.15,42.62,82.39999999999992,2.6
402,Pilot Butte,20,CA,1519934400,58,50.48,-104.42,28.399999999999977,4.1
403,Vrakhation,40,GR,1519937400,71,37.96,22.81,53.599999999999966,0.98
404,Sarankhola,0,BD,1519938703,92,22.31,89.79,72.55040000000002,2.93
405,Buchanan,20,LR,1519936200,88,5.88,-10.05,78.80000000000001,2.1
406,Slobodskoy,36,RU,1519938704,65,58.73,50.18,3.2953999999999724,3.43
407,Beloha,76,MG,1519938704,86,-25.17,45.06,77.05040000000002,1.68
408,Mazamet,90,FR,1519938000,93,43.49,2.38,49.99999999999994,9.8
409,Rio Gallegos,75,AR,1519934400,21,-51.62,-69.22,69.80000000000001,6.7
410,Broken Hill,20,AU,1519938705,79,-31.97,141.45,58.10540000000009,3.53
411,Toamasina,40,MG,1519934400,94,-18.17,49.38,76.99999999999994,3.1
412,Namtsy,56,RU,1519938707,64,62.72,129.66,-22.174599999999998,1.18
413,Ixtapa,5,MX,1519933500,78,20.71,-105.21,73.39999999999992,5.1
414,Piripiri,80,BR,1519938708,87,-4.27,-41.78,80.2004,1.53
415,Paita,0,PE,1519934400,57,-5.09,-81.11,80.59999999999997,6.7
416,Karatuzskoye,80,RU,1519938708,81,53.61,92.87,14.050399999999968,4.08
417,Kavieng,44,PG,1519938533,100,-2.57,150.8,82.31540000000001,1.63
418,Ponta Delgada,40,PT,1519936200,81,37.73,-25.67,49.99999999999994,0.5
419,Oussouye,0,SN,1519938709,83,12.49,-16.54,71.74039999999997,7.18
420,Assomada,20,CV,1519934400,73,15.1,-23.68,69.80000000000001,7.2
421,Vestmannaeyjar,40,IS,1519934400,86,63.44,-20.27,33.799999999999955,1.0
422,Hakui,75,JP,1519934400,44,36.89,136.78,40.99999999999994,9.8
423,Marrakesh,0,MA,1519938711,70,31.63,-7.99,55.90040000000005,5.73
424,Finnsnes,75,NO,1519937400,68,69.23,17.98,31.999999999999943,3.1
425,Suntar,8,RU,1519938712,42,62.16,117.65,-27.124599999999987,1.18
426,Waddan,0,LY,1519938712,32,29.16,16.14,56.53040000000004,2.88
427,Miramar,5,MX,1519933560,18,20.64,-103.45,80.59999999999997,2.1
428,Port Blair,32,IN,1519938553,99,11.67,92.75,83.5754,3.93
429,Roma,20,AU,1519938713,81,-26.57,148.79,74.80040000000002,3.08
430,San Andres,20,CO,1519934400,58,8.22,-76.58,87.80000000000001,5.1
431,Atar,0,MR,1519938714,43,20.52,-13.05,64.54040000000003,1.63
432,Floro,0,NO,1519937400,41,61.6,5.03,22.999999999999943,3.6
433,Dangriga,40,BZ,1519934400,70,16.97,-88.23,84.19999999999999,3.1
434,Mecca,0,SA,1519934400,53,21.43,39.83,73.39999999999992,1.68
435,Kaitangata,88,NZ,1519938419,97,-46.28,169.85,60.40040000000005,2.08
436,Sabha,0,LY,1519938716,27,27.03,14.43,61.0754,4.18
437,Paka,76,MY,1519938000,94,4.64,103.44,76.99999999999994,1.38
438,Zhangjiakou,0,CN,1519938717,63,40.77,114.88,22.19539999999995,2.83
439,Ludwigslust,0,DE,1519938718,70,53.33,11.5,13.780400000000043,5.93
440,Tecoanapa,5,MX,1519933440,66,16.99,-99.26,84.19999999999999,4.1
441,Bubaque,0,GW,1519934400,58,11.28,-15.83,82.39999999999992,4.1
442,Sinnamary,92,GF,1519938719,95,5.38,-52.96,80.06540000000001,4.68
443,Aleksandrovskoye,56,RU,1519938719,79,56.74,85.39,-1.2046000000000276,2.18
444,Manokwari,68,ID,1519938720,100,-0.87,134.08,81.10039999999998,0.93
445,Dingle,88,IE,1519938720,100,52.14,-10.27,34.75040000000001,12.03
446,Adre,88,TD,1519938721,37,13.47,22.2,82.54040000000003,2.83
447,Mirabad,12,AF,1519938721,84,30.44,61.84,58.375399999999956,3.98
448,Izumo,75,JP,1519934400,41,35.37,132.75,40.99999999999994,4.6
449,Saint George,75,BM,1519934100,60,32.38,-64.68,69.80000000000001,6.7
450,Sharan,92,AF,1519938722,99,33.15,68.78,35.96539999999999,1.33
451,Concordia,40,AR,1519934400,43,-31.4,-58.02,89.59999999999997,2.6
452,Aykhal,8,RU,1519938723,53,65.95,111.51,-32.61460000000005,2.33
453,Coahuayana,0,MX,1519938724,24,18.62,-100.35,87.40040000000005,1.33
454,Nargana,8,PA,1519938724,100,9.44,-78.59,79.12039999999996,5.83
455,Marseille,75,FR,1519938000,70,43.3,5.37,48.19999999999993,4.6
456,Matara,0,LK,1519938726,100,5.95,80.54,76.1954,3.03
457,Cape Coast,8,GH,1519938726,72,5.11,-1.24,78.94040000000001,2.28
458,Clyde River,90,CA,1519934400,92,70.47,-68.59,13.999999999999943,1.5
459,Kozlovo,32,RU,1519938728,69,56.51,36.26,2.080400000000054,4.23
460,Tabuk,0,SA,1519934400,59,28.38,36.58,62.599999999999966,5.1
461,Omaruru,44,NA,1519938728,59,-21.42,15.95,69.5804,2.73
462,Nahrin,92,AF,1519938729,100,36.06,69.13,45.28040000000004,0.98
463,Orlik,76,RU,1519938729,79,52.51,99.83,6.895399999999938,0.88
464,Williston,1,US,1519937700,47,48.15,-103.62,40.99999999999994,3.48
465,Alexandria,90,US,1519937760,76,38.81,-77.05,55.39999999999992,4.1
466,Ranong,0,TH,1519938731,100,9.96,98.62,81.10039999999998,2.58
467,Ballina,76,AU,1519938582,100,-28.87,153.57,75.2054,4.58
468,Benghazi,0,LY,1519938731,92,32.12,20.07,64.54040000000003,8.08
469,Griffith,20,AU,1519938732,84,-34.29,146.06,57.74539999999996,1.53
470,Hangu,0,CN,1519936200,50,39.25,117.8,30.199999999999932,3.0
471,Mosquera,75,CO,1519934400,55,4.71,-74.23,64.39999999999992,5.1
472,Broome,40,AU,1519936200,83,-17.97,122.23,80.59999999999997,2.1
473,Xingyi,0,CN,1519938733,54,24.19,102.82,55.720399999999984,3.28
474,Yuncheng,0,CN,1519938733,85,35.03,111.0,30.43040000000002,1.33
475,Sao Miguel do Araguaia,24,BR,1519938734,70,-13.28,-50.16,85.01540000000006,2.43
476,Teahupoo,20,PF,1519936200,70,-17.83,-149.27,85.99999999999994,4.1
477,Ajaccio,75,FR,1519938000,93,41.93,8.74,49.99999999999994,1.5
478,Mareeba,75,AU,1519936200,100,-16.99,145.42,76.99999999999994,5.1
479,Talnakh,64,RU,1519938736,75,69.49,88.39,-7.594600000000014,11.33
480,Belmonte,68,BR,1519938736,92,-26.84,-53.58,74.89040000000006,1.23
481,Yairipok,0,IN,1519938737,81,24.67,94.07,55.27039999999994,1.08
482,Bathsheba,40,BB,1519934400,88,13.22,-59.52,76.99999999999994,6.2
483,Arthur,90,CA,1519934400,74,43.83,-80.54,37.39999999999998,9.3
484,Sao Raimundo das Mangabeiras,44,BR,1519938738,91,-7.02,-45.48,71.96539999999999,5.08
485,Qeshm,76,IR,1519936200,82,26.96,56.27,67.99999999999994,5.1
486,Revelstoke,90,CA,1519938000,80,50.99,-118.19,35.599999999999966,0.63
487,Alyangula,0,AU,1519938739,100,-13.85,136.42,81.86539999999997,4.73
488,Oktyabrskiy,0,RU,1519936200,65,55.61,37.97,12.199999999999932,4.0
489,Ormara,32,PK,1519938740,90,25.21,64.64,70.03040000000004,2.38
490,Namibe,0,AO,1519938654,100,-15.19,12.15,74.53040000000004,3.88
491,Farsund,0,NO,1519938741,100,58.09,6.8,19.405400000000043,8.58
492,Parrita,20,CR,1519934400,36,9.52,-84.33,82.39999999999992,6.2
493,Ajdabiya,0,LY,1519938741,56,30.75,20.22,59.68040000000002,4.73
494,Cuyo,12,PH,1519938742,96,10.85,121.01,82.4504,3.43
495,Baraya,0,CO,1519938742,39,9.08,-74.98,95.50039999999996,1.88
496,Vyara,0,IN,1519938743,68,21.11,73.4,70.84039999999999,1.23
497,Tahta,0,EG,1519934400,40,26.77,31.5,67.99999999999994,1.0
498,Constitucion,0,CL,1519938744,84,-35.33,-72.42,65.89040000000006,3.43
499,Siguiri,48,GN,1519938744,56,11.42,-9.17,82.31540000000001,2.93
